Сведения о выплатах в разрезе страховщиков,Unnamed: 1,Unnamed: 2,Unnamed: 3,Unnamed: 4,Unnamed: 5,Unnamed: 6,Unnamed: 7,Unnamed: 8,Unnamed: 9,Unnamed: 10,Unnamed: 11,Unnamed: 12,Unnamed: 13,Unnamed: 14,Unnamed: 15,Unnamed: 16,Unnamed: 17,Unnamed: 18,Unnamed: 19,Unnamed: 20,Unnamed: 21,Unnamed: 22,Unnamed: 23,Unnamed: 24,Unnamed: 25,Unnamed: 26,Unnamed: 27,Unnamed: 28,Unnamed: 29,Unnamed: 30,Unnamed: 31,Unnamed: 32,Unnamed: 33,Unnamed: 34,Unnamed: 35,Unnamed: 36,Unnamed: 37,Unnamed: 38,Unnamed: 39,Unnamed: 40,Unnamed: 41,Unnamed: 42,Unnamed: 43,Unnamed: 44,Unnamed: 45,Unnamed: 46,Unnamed: 47,Unnamed: 48
,,,,,,,,,,,,,,,,,,,,,,,,,,,,,,,,,,,,,,,,,,,,,,,,
Дата составления отчета: 26.05.2021,,,,,,,,,,,,,,,,,,,,,,,,,,,,,,,,,,,,,,,,,,,,,,,,
Отчетный период:  январь-март 2021 г.,,,,,,,,,,,,,,,,,,,,,,,,,,тыс. руб.,,,,,,,,,,,,,,,,,,,,,,
,,,,Добровольное и обязательное страхование (кроме обязательного медицинского страхования),,,,,,,,,,,,,,,,,,,,,,,,,,,,,,,,,,,,,,,,,,,,
,,,,,,I. Добровольное страхование,,,,,,,,,,,,,,,,,,,,,,,,,,,,,,,,,,II. Обязательное страхование ,,,,,,,,
,,,,,,Страхование жизни,,,,"Страхование иное, чем страхование жизни",,,,,,,,,,,,,,,,,,,,,,,,,,,,,,Обязательное личное страхование,,,Обязательное имущественное страхование,,,,,
,,,,,,,в том числе,,,,в том числе,,,,,,,,,,,,,,,,,,,,,,,,,,,,,,в том числе,,,в том числе,,,,
,,,,,,,,из него,,,личное страхование,,,,,Имущественное страхование,,,,,,,,,,,,,,,,,,,,,,,,,,,,,,,,
,,,,,,,,,,,,в том числе,,,,,в том числе,,,,,,,,,,,,,,,,,,,,,,,,,,,,,,,
,,,,,,,,,,,,,из него,,,,Страхование имущества,,,,,,,,,,Страхование гражданской ответственности,,,,,,,,,,,,,,государственное,,,,,,,
,,,,,,,,,,,,,,,,,,в том числе,,,,,,,,,,в том числе,,,,,,,,,,,,,страхование жизни,,,,гражданской ,гражданской ,,
,,,,,,,,,,,,,"пациентов, участвующих ",,,,,,,,,,,из него,,,,,      из него:,,,,,,,,,,,, и здоровья ,иные виды обязательного ,,гражданской ,ответственности ,ответственности ,иные виды обязательного ,
№ п\п,Рег №,Наименование,Город,Всего*,из них страхование ,,страхование жизни ,страхование жизни,пенсионное,,,,в клинических ,,,,,,,,,,,,,,,,владельцев ,,,,,,,,,,,,военнослужащих и,"личного страхования, ",,ответственности ,владельца опасного ,перевозчика за ,имущественного ,Инвестиционное
,,,,,нерезидентов,Всего,(кроме пенсионного ,заемщика,страхование,Всего,Всего,от несчастных случаев и ,исследованиях ,работников налоговых ,,Всего,,средств наземного ,,,,,,"страхование, ",,,,владельцев средств ,автотранспортных ,владельцев ,владельцев средств ,,,"организаций, ",за причинение вреда ,,за неисполнение или ,страхование ,страхование финансовых ,Всего,приравненных к ним,предусмотренные ,Всего,владельцев,объекта за причинение ,"причинение вреда жизни, ","страхования, ",страхование
,,,,,,,страхования)-всего,,,,,болезней,лекарственного,органов,медицинское страхование,,Всего,транспорта ,средств ,средств воздушного ,средств водного ,грузов,сельскохозяйственное,осуществляемое с ,прочего имущества ,прочего имущества ,Всего,наземного транспорта ,средств (кроме ,автотранспортных ,железнодорожного ,владельцев средств ,владельцев средств ,эксплуатирующих ,вследствие недостатков ,за причинение вреда ,ненадлежащее ,предпринимательских ,рисков,,в обязательном ,федеральными законами,, транспортных средств,вреда в результате ,"здоровью, имуществу ",предусмотренные ,жизни
,,,,,,,,,,,,,препарата для ,,,,,(кроме средств ,железнодорожного ,транспорта,транспорта,,страхование - всего,государственной ,юридических лиц,граждан,,(кроме средств ,"страхования, ","средств (страхование, ",транспорта,воздушного транспорта,водного транспорта,опасные объекты,"товаров, работ, услуг",третьим лицам,по договору,рисков,,,государственном ,,,,аварии на опасном ,пассажиров,федеральными законами,
,,,,,,,,,,,,,медицинского ,,,,,железнодорожного ,транспорта,,,,,поддержкой,,,,железнодорожного ,осуществляемого в,осуществляемое в ,,,,,,,,,,,страховании лиц,,,,объекте,,,
,,,,,,,,,,,,,применения,,,,,транспорта),,,,,,,,,,транспорта),рамках международной ,рамках международной ,,,,,,,,,,,,,,,,,,
,,,,,,,,,,,,,,,,,,,,,,,,,,,,,системы страхования ,системы страхования ,,,,,,,,,,,,,,,,,,
,,,,,,,,,,,,,,,,,,,,,,,,,,,,,«Зеленая карта»),«Зеленая карта»),,,,,,,,,,,,,,,,,,
,,,,,,,,,,,,,,,,,,,,,,,,,,,,,,,,,,,,,,,,,,,,,,,,
1,2,3,4,5,6,7,8,9,10,11,12,13,14,15,16,17,18,19,20,21,22,23,24,25,26,27,28,29,30,31,32,33,34,35,36,37,38,39,40,41,42,43,44,45,46,47,48,49
,,ИТОГО:,,185252354.32153,2099414.5895,70121823.34498,69832196.16908,3225095.43987,289627.1759,74027900.47427,34950823.02591,5281368.28826,2025.19811,2538.71392,29669454.73765,39077077.44836,36143957.86835,24495507.51456,307651.12151,2378726.94697,723105.35503,825641.81128,1175984.8597,1033657.08513,3903360.01652,2333980.24278,1950701.00214,511175.58105,341399.66072,169028.2927,10603.6153,41929.90148,402499.03562,170639.60203,79428.77066,547143.23871,187281.25729,472751.56789,509667.00998,3542561.1254,3496457.56046,46103.56494,37400341.93783,37182981.27963,56240.35805,161120.30015,0,58197924.46698
1,4013,"ООО ""МАКС-Жизнь""",Москва,727654.65996,2700.28413,727654.65996,727654.65996,-,-,-,-,-,-,-,-,-,-,-,-,-,-,-,-,-,-,-,-,-,-,-,-,-,-,-,-,-,-,-,-,-,-,-,-,-,-,-,-,716222.94288
2,4372,ООО «Страховая компания «Манго»,Москва,10898.22734,-,-,-,-,-,10898.22734,130.4,130.4,-,-,-,10767.82734,9776.64233,-,-,-,-,-,-,-,-,9776.64233,858.53892,-,-,-,-,-,-,-,-,858.53892,-,-,132.64609,-,-,-,-,-,-,-,-,-
3,1372,"СМК ""АСТРАМЕД-МС"" (АО)",Екатеринбург,-,-,-,-,-,-,-,-,-,-,-,-,-,-,-,-,-,-,-,-,-,-,-,-,-,-,-,-,-,-,-,-,-,-,-,-,-,-,-,-,-,-,-,-,-
4,1643,"ООО СПК ""Юнити Ре""",Москва,50163.38619,-,-,-,-,-,50163.38619,50163.38619,-,-,-,50163.38619,-,-,-,-,-,-,-,-,-,-,-,-,-,-,-,-,-,-,-,-,-,-,-,-,-,-,-,-,-,-,-,-,-
5,4105,"ООО ""Страховая компания ""СиВ Лайф""",Москва,1912247.24019,203195.70682,1906311.6498,1906311.6498,13989.12247,-,5935.59039,5935.59039,1544.85,-,-,4390.74039,-,-,-,-,-,-,-,-,-,-,-,-,-,-,-,-,-,-,-,-,-,-,-,-,-,-,-,-,-,-,-,-,903042.21434
6,1083,"ООО ""Зетта Страхование""",Москва,925610.66979,4175.57778,-,-,-,-,543117.91642,79397.07314,57463.6963,-,-,21933.37684,463720.84328,444424.87094,343200.86904,-,-,-,730.29777,671.69628,-,59351.10415,40470.9037,16860.16461,12744.55493,821.00358,11923.55135,-,-,-,-,-,4115.60968,-,-,2435.80773,-,-,-,382475.76287,379545.99968,-,2929.76319,-,-
7,3438,"ООО ""ПРОМИНСТРАХ""",Москва,2497.46338,-,-,-,-,-,2102.32884,-,-,-,-,-,2102.32884,-,-,-,-,-,-,-,-,-,-,2102.32884,-,-,-,-,-,-,-,-,-,2102.32884,-,-,-,-,-,-,-,-,-,-,-
8,1209,"САО ""РЕСО-Гарантия""",Москва,14402600.08704,141088.66319,15812.70039,15796.75653,-,15.94386,8624729.75202,4313384.40406,314794.93828,-,-,3998589.46578,4311345.34796,4206933.92394,3634347.31942,35708.04115,-,73.0879,14470.44937,-,-,244703.84934,277631.17676,65274.63921,48333.5845,39237.71496,9095.86954,-,-,-,-,942.3884,15998.66631,-,1099.434,38037.35081,-,-,-,5775208.48602,5774587.48602,-,621,-,-
9,3828,"ООО СК ""Альянс Жизнь""",Москва,2046807.31783,121841.09766,443112.5949,443098.95102,8032.48912,13.64388,1603694.72293,1603694.72293,11815.61192,-,-,1591879.11101,-,-,-,-,-,-,-,-,-,-,-,-,-,-,-,-,-,-,-,-,-,-,-,-,-,-,-,-,-,-,-,-,155399.03795
10,3879,"ООО СК ""Росгосстрах Жизнь""",Москва,370618.7752,3241.56291,253730.66955,253730.66955,-,-,116888.10565,116888.10565,74939.27489,-,-,41948.83076,-,-,-,-,-,-,-,-,-,-,-,-,-,-,-,-,-,-,-,-,-,-,-,-,-,-,-,-,-,-,-,-,169686.88609
11,1623,"ООО СК ""Тюмень-Полис""",Тюмень,2621.14749,-,-,-,-,-,2621.14749,1901.35749,1901.35749,-,-,-,719.79,719.79,-,-,-,-,-,-,-,-,719.79,-,-,-,-,-,-,-,-,-,-,-,-,-,-,-,-,-,-,-,-,-,-
12,4354,НКО ПОВС «ВЗАИМОПОМОЩЬ»,Москва,-,-,-,-,-,-,-,-,-,-,-,-,-,-,-,-,-,-,-,-,-,-,-,-,-,-,-,-,-,-,-,-,-,-,-,-,-,-,-,-,-,-,-,-,-
13,1307,"ООО ""СК ""Согласие""",Москва,4491887.38325,107264.24744,-,-,-,-,2834708.3262,627672.33124,52295.8508,-,-,575376.48044,2207035.99496,2051163.48574,1778157.82802,17467.56409,45.261,89642.37215,8923.90971,74421.04866,73718.49053,37881.76521,44623.7369,146963.12455,74926.63188,30670.10197,44256.52991,3931.76985,-,32.48,-,-,18511.27384,49560.96898,1734.10993,7175.27474,-,-,-,1655014.08189,1648778.12482,445.3577,5790.59937,-,-
14,4301,НКО НОВС,Камышин,50.90684,-,-,-,-,-,50.90684,-,-,-,-,-,50.90684,-,-,-,-,-,-,-,-,-,-,-,-,-,-,-,-,-,-,-,-,-,-,50.90684,-,-,-,-,-,-,-,-,-
15,0983,"АО ""Страховая группа ""УралСиб""",Москва,5612.88024,-,-,-,-,-,5605.48564,5520.48564,4677.75175,-,-,842.73389,85,-,-,-,-,-,-,-,-,-,-,85,-,-,-,-,-,-,-,-,85,-,-,-,7.3946,7.3946,-,-,-,-,-,-,-
16,3803,"ООО ""СК Доминанта""",Москва,-,-,-,-,-,-,-,-,-,-,-,-,-,-,-,-,-,-,-,-,-,-,-,-,-,-,-,-,-,-,-,-,-,-,-,-,-,-,-,-,-,-,-,-,-
17,3300,"АО СГ ""Спасские ворота""",Москва,58923.01608,1521.0802,-,-,-,-,54597.21466,50604.41934,1504.37956,-,-,49100.03978,3992.79532,3614.06604,1029.28263,-,-,-,2545.51841,-,-,39.265,-,378.72928,378.72928,-,378.72928,-,-,-,-,-,-,-,-,-,-,-,-,4325.80142,4325.80142,-,-,-,-
18,0928,"СПАО ""Ингосстрах""",Москва,12153598.54144,625537.87777,-,-,-,-,8468071.63091,1800412.52528,151433.98325,1025.19811,-,1648978.54203,6667659.10563,5715252.08448,4420295.8357,32729.69132,71478.07093,261559.81613,97228.62259,3408.52615,-,587001.69986,241549.8218,849254.65766,62158.85871,62158.85871,-,6631.84545,25695.32963,383379.44597,22944.8251,67541.40478,280897.11133,5.83669,-,103152.36349,-,-,-,3710760.46079,3653429.61192,5799.8826,51530.96627,-,-
19,0425,"АО СК ""Ингвар""",Москва,29545.50758,-,-,-,-,-,29545.50758,-,-,-,-,-,29545.50758,29545.50758,-,-,-,-,28973.93041,-,-,571.57717,-,-,-,-,-,-,-,-,-,-,-,-,-,-,-,-,-,-,-,-,-,-,-
20,3193,"ООО ""СТРАХОВАЯ КОМПАНИЯ ""АРСЕНАЛЪ""",Москва,154481.39985,-,-,-,-,-,151033.80494,28914.20646,10729.15461,-,-,18185.05185,122119.59848,13674.37842,13535.16835,-,-,-,-,-,-,132.61607,6.594,108145.41912,-,-,-,-,-,-,-,-,1925.13137,106220.28775,-,299.80094,3447.59491,3447.59491,-,-,-,-,-,-,-
21,3390,"АО ""Страховая Компания ""ПОЛИС-ГАРАНТ""",Москва,69306.2299,-,-,-,-,-,43613.55086,16728.63956,67.5,-,-,16661.13956,26884.9113,26884.9113,26487.99144,-,-,322.0715,-,-,-,-,74.84836,-,-,-,-,-,-,-,-,-,-,-,-,-,-,-,-,25692.67904,25692.67904,-,-,-,-
22,1587,"АО ""СО ""Талисман""",Казань,254475.25173,-,-,-,-,-,3198.08539,160.45,160.45,-,-,-,3037.63539,3037.63539,3022.12739,-,-,-,-,-,-,-,15.508,-,-,-,-,-,-,-,-,-,-,-,-,-,-,-,-,251277.16634,251277.16634,-,-,-,-
23,4293,"ООО ""СК ""Ойлер Гермес Ру""",Москва,48590.6435,-,-,-,-,-,48590.6435,-,-,-,-,-,48590.6435,-,-,-,-,-,-,-,-,-,-,-,-,-,-,-,-,-,-,-,-,-,48590.6435,-,-,-,-,-,-,-,-,-,-
24,0348,"САО ""ЛЕКСГАРАНТ""",Москва,59595.45315,-,-,-,-,-,59595.45315,463.4154,-,-,-,463.4154,59132.03775,59132.03775,5.725,-,58806.47999,-,40.00675,-,-,-,279.82601,-,-,-,-,-,-,-,-,-,-,-,-,-,-,-,-,-,-,-,-,-,-
25,4279,НКО ПОВС «Кооперативное единство»,Новосибирск,182.67,-,-,-,-,-,182.67,-,-,-,-,-,182.67,182.67,182.67,-,-,-,-,-,-,-,-,-,-,-,-,-,-,-,-,-,-,-,-,-,-,-,-,-,-,-,-,-,-
26,3954,"ООО РСО ""ЕВРОИНС""",Смоленск,293483.39168,4324.3942,-,-,-,-,122527.67833,105776.51919,2586.95185,-,-,103189.56734,16751.15914,14945.73255,14272.14057,-,-,-,62.76891,160.858,-,30.104,419.86107,1805.42659,-,-,-,-,-,-,-,880.02231,446.41128,478.993,-,-,-,-,-,170955.71335,170955.71335,-,-,-,-
27,3847,"ООО СК ""НСГ""",Москва,123413.12147,1050.01468,-,-,-,-,121413.12147,116403.36516,-,-,-,116403.36516,5009.75631,5009.75631,2078.10846,-,-,-,2931.64785,-,-,-,-,-,-,-,-,-,-,-,-,-,-,-,-,-,-,-,-,2000,-,2000,-,-,-
28,1820,"АО ""ГУТА-Страхование""",Москва,6839.96909,-,-,-,-,-,6707.88609,6662.88609,-,-,-,6662.88609,45,-,-,-,-,-,-,-,-,-,-,45,-,-,-,-,-,-,-,-,45,-,-,-,-,-,-,132.083,132.083,-,-,-,-
29,4133,ООО СК ЭчДиАй Глобал,Москва,122819.32617,-,-,-,-,-,122819.32617,515,515,-,-,-,122304.32617,122287.41488,-,-,-,-,121104.21225,-,-,1183.20263,-,-,-,-,-,-,-,-,-,-,-,-,-,16.91129,-,-,-,-,-,-,-,-,-
30,3528,"ООО ""СМО ""Спасение""",Казань,64011.0588,-,-,-,-,-,64011.0588,64011.0588,-,-,-,64011.0588,-,-,-,-,-,-,-,-,-,-,-,-,-,-,-,-,-,-,-,-,-,-,-,-,-,-,-,-,-,-,-,-,-
31,2397,"ООО СО ""Геополис""",Москва,8113.15488,-,-,-,-,-,5753.64233,-,-,-,-,-,5753.64233,5753.64233,5753.64233,-,-,-,-,-,-,-,-,-,-,-,-,-,-,-,-,-,-,-,-,-,-,-,-,2359.51255,2359.51255,-,-,-,-
32,4001,"ООО СК ""Чулпан-Жизнь""",Альметьевск,166830.42784,-,166512.11684,166220.8818,-,291.23504,318.311,318.311,318.311,-,-,-,-,-,-,-,-,-,-,-,-,-,-,-,-,-,-,-,-,-,-,-,-,-,-,-,-,-,-,-,-,-,-,-,-
33,0055,"АО ""ДальЖАСО""",Хабаровск,23010.7637,-,-,-,-,-,23010.7637,14783.21946,1035.06235,-,-,13748.15711,8227.54424,8227.54424,574.5487,-,-,-,36.625,-,-,7257.70854,358.662,-,-,-,-,-,-,-,-,-,-,-,-,-,-,-,-,-,-,-,-,-,-
34,2144,"АО ""Страховая компания АСКО-Центр""",Курск,14992.64221,1310.112,-,-,-,-,14992.64221,5430.9815,35.9,-,-,5395.0815,9561.66071,9561.66071,9401.61866,-,-,-,-,-,-,124.39005,35.652,-,-,-,-,-,-,-,-,-,-,-,-,-,-,-,-,-,-,-,-,-,-
35,3947,"АО ""АИГ""",Москва,40197.51319,-,-,-,-,-,40197.51319,-,-,-,-,-,40197.51319,39157.54178,-,-,-,-,28426.53073,-,-,10731.01105,-,439.97141,-,-,-,-,-,-,-,-,439.97141,-,-,600,-,-,-,-,-,-,-,-,-
36,3594,"ООО ""МСГ""",Москва,5423.19624,1064.524,-,-,-,-,5423.19624,5423.19624,2267.95839,-,-,3155.23785,-,-,-,-,-,-,-,-,-,-,-,-,-,-,-,-,-,-,-,-,-,-,-,-,-,-,-,-,-,-,-,-,-
37,4014,"АО ""СК ""Югория-Жизнь""",Москва,118420.70962,-,117605.75428,117605.75428,-,-,814.95534,814.95534,814.95534,-,-,-,-,-,-,-,-,-,-,-,-,-,-,-,-,-,-,-,-,-,-,-,-,-,-,-,-,-,-,-,-,-,-,-,114518.22461
38,4179,"ООО ""СК"" Райффайзен Лайф""",Москва,937005.95033,16617.0427,932014.58077,932014.58077,63831.65883,0,4991.36956,4991.36956,1600.232,0,0,3391.13756,0,0,0,0,0,0,0,0,0,0,0,0,0,0,0,0,0,0,0,0,0,0,0,0,0,0,0,0,0,0,0,0,0
39,4362,НКО ПОВС «Содружество»,Москва,-,-,-,-,-,-,-,-,-,-,-,-,-,-,-,-,-,-,-,-,-,-,-,-,-,-,-,-,-,-,-,-,-,-,-,-,-,-,-,-,-,-,-,-,-
40,3256,"АО СК ""Совкомбанк Жизнь""",Москва,857911.9276,-,699508.44413,636549.76326,66241.37591,62958.68087,158403.48347,158403.48347,87443.57938,-,-,70959.90409,-,-,-,-,-,-,-,-,-,-,-,-,-,-,-,-,-,-,-,-,-,-,-,-,-,-,-,-,-,-,-,-,-
41,3815,"ООО ""СК ""Экспресс-страхование""",Санкт-Петербург,-,-,-,-,-,-,-,-,-,-,-,-,-,-,-,-,-,-,-,-,-,-,-,-,-,-,-,-,-,-,-,-,-,-,-,-,-,-,-,-,-,-,-,-,-
42,4376,"НКО ""ВОВС""",Сызрань,-,-,-,-,-,-,-,-,-,-,-,-,-,-,-,-,-,-,-,-,-,-,-,-,-,-,-,-,-,-,-,-,-,-,-,-,-,-,-,-,-,-,-,-,-
43,4360,"НКО ПОВС ""Эталон""",Москва,1459.45344,-,-,-,-,-,1459.45344,-,-,-,-,-,1459.45344,1459.45344,1459.45344,-,-,-,-,-,-,-,-,-,-,-,-,-,-,-,-,-,-,-,-,-,-,-,-,-,-,-,-,-,-
44,3837,"ООО ""СК ""Ингосстрах-М""",Москва,6520.08004,-,-,-,-,-,6520.08004,6520.08004,-,-,-,6520.08004,-,-,-,-,-,-,-,-,-,-,-,-,-,-,-,-,-,-,-,-,-,-,-,-,-,-,-,-,-,-,-,-,-
45,3692,"ООО СК ""Сбербанк страхование жизни""",Москва,18379725.54937,-,18291276.44298,18291276.44298,2462604.68431,-,88449.10639,88449.10639,33021.35321,-,-,55427.75318,-,-,-,-,-,-,-,-,-,-,-,-,-,-,-,-,-,-,-,-,-,-,-,-,-,-,-,-,-,-,-,-,14268944.77549
46,0667,"ООО СК ""УРАЛСИБ СТРАХОВАНИЕ""",Москва,27219.11614,270.8817,-,-,-,-,27219.11614,24226.88392,17736.46782,-,-,6490.4161,2992.23222,2259.37222,-,-,-,-,95.055,-,-,1533.74926,630.56796,128.7,-,-,-,-,-,-,-,-,128.7,-,-,604.16,-,-,-,-,-,-,-,-,-
47,4296,"НКО ПОВС ""Кооп-Ресурс""",Вологда,-,-,-,-,-,-,-,-,-,-,-,-,-,-,-,-,-,-,-,-,-,-,-,-,-,-,-,-,-,-,-,-,-,-,-,-,-,-,-,-,-,-,-,-,-
48,3943,"ООО ""СК ""АК БАРС-Мед""",Казань,53932.84571,763.54456,-,-,-,-,53932.84571,53932.84571,-,-,-,53932.84571,-,-,-,-,-,-,-,-,-,-,-,-,-,-,-,-,-,-,-,-,-,-,-,-,-,-,-,-,-,-,-,-,-
49,1336,"ООО ""СК ""Капитал-полис""",Санкт-Петербург,210454.39492,-,-,-,-,-,210454.39492,178103.61204,58.8,-,-,178044.81204,32350.78288,32329.35005,17355.29285,-,-,-,14962.9572,-,-,-,11.1,-,-,-,-,-,-,-,-,-,-,-,-,21.43283,-,-,-,-,-,-,-,-,-
50,3870,"ООО СК ""ДЕЛО ЖИЗНИ""",Москва,81802.17708,-,81419.28208,81419.28208,-,-,382.895,382.895,382.895,-,-,-,-,-,-,-,-,-,-,-,-,-,-,-,-,-,-,-,-,-,-,-,-,-,-,-,-,-,-,-,-,-,-,-,-
51,3511,"ООО СК ""Согласие-Вита""",Москва,276678.83344,114.02172,276641.98344,276641.98344,17022.14797,-,36.85,36.85,12.5,-,-,24.35,-,-,-,-,-,-,-,-,-,-,-,-,-,-,-,-,-,-,-,-,-,-,-,-,-,-,-,-,-,-,-,-,256138.94122
52,0001,"ПАО СК ""Росгосстрах""",Люберцы,9525247.3701,122135.451,-,-,0,-,4650575.97016,1885077.99283,242605.2092,0,-,1642472.78363,2765497.97733,2647133.58822,1482424.14731,165843.6155,3000,151431.92081,17532.61148,193465.89027,178656.675,67372.37994,566063.02291,117597.1079,89331.46051,63323.93947,26007.52104,-,-,5740.45981,-,393.24372,22131.94386,-,-,767.28121,59366.98369,59366.98369,-,4815304.41625,4790954.90431,5570.74631,18778.76563,-,-
53,2877,"ООО ""СК ""Мегарусс-Д""",Москва,45523.31913,-,-,-,-,-,45152.61023,28317.3106,3838.91168,-,-,24478.39892,16835.29963,16835.29963,16835.29963,-,-,-,-,-,-,-,-,-,-,-,-,-,-,-,-,-,-,-,-,-,-,-,-,370.7089,370.7089,-,-,-,-
54,2917,"ООО ""СК НИК""",Ульяновск,5436.70575,-,-,-,-,-,5436.70575,782.115,525,-,-,257.115,4654.59075,-,-,-,-,-,-,-,-,-,-,4538.22807,-,-,-,-,4538.22807,-,-,-,-,-,-,116.36268,-,-,-,-,-,-,-,-,-
55,2353,"ООО ""Страховая компания ""СДС""",Кемерово,47431.6547,-,-,-,-,-,38152.44863,37932.89082,210.35,-,-,37722.54082,219.55781,207.94471,193.03081,-,-,-,-,-,-,-,14.9139,11.6131,-,-,-,-,-,-,-,-,11.6131,-,-,-,-,-,-,9279.20607,9279.20607,-,-,-,-
56,3398,"ООО СК ""ВТБ Страхование""",Москва,1019650.99066,4.4,-,-,-,-,775034.40364,574513.3536,529244.83409,-,-,45268.51951,200521.05004,192458.44974,10850.16976,222.16989,-,-,14.5,-,-,4757.76862,176613.84147,3931.7685,1108.97371,-,1108.97371,-,-,-,-,-,2822.79479,-,-,4130.8318,152874.85132,152874.85132,-,593.8615,-,71.8615,522,-,-
57,4334,"ООО ""Атрадиус Рус Кредитное Страхование""",Москва,358821.35521,-,-,-,-,-,358821.35521,-,-,-,-,-,358821.35521,-,-,-,-,-,-,-,-,-,-,-,-,-,-,-,-,-,-,-,-,-,358821.35521,-,-,-,-,-,-,-,-,-,-
58,3969,"ООО ""СК Чабб""",Москва,34633.67652,795.35238,-,-,-,-,34633.67652,765.8386,765.8386,-,-,-,33867.83792,11158.51525,-,-,-,-,10548.8429,-,-,552.3707,57.30165,5872.39169,-,-,-,-,-,-,-,602.25054,5270.14115,-,-,16836.93098,-,-,-,-,-,-,-,-,-
59,3984,"ООО ""Капитал Лайф Страхование Жизни""",Москва,10269613.71658,24888.70467,10155552.8854,10146056.0757,78160.33515,9496.8097,114060.83118,114060.83118,57978.53711,-,-,56082.29407,-,-,-,-,-,-,-,-,-,-,-,-,-,-,-,-,-,-,-,-,-,-,-,-,-,-,-,-,-,-,-,-,8203359.01266
60,3245,"ООО СО ""ВЕРНА""",Краснодар,170692.73366,-,-,-,-,-,41555.2697,19351.86798,3501.53092,-,-,15850.33706,22203.40172,22174.64472,12358.05875,-,-,-,-,-,-,9745.50897,71.077,28.757,-,-,-,-,-,-,-,-,28.757,-,-,-,-,-,-,129137.46396,129137.46396,-,-,-,-
61,2346,"АО ""ОСК""",Самара,491448.46043,33393.70636,-,-,-,-,192437.81608,22541.08543,2869.55196,-,-,19671.53347,169896.73065,167711.30425,132347.02422,-,-,32846.91905,26.47952,-,-,1532.49652,958.38494,2174.07613,1000,1000,-,-,-,-,-,-,1174.07613,-,-,11.35027,-,-,-,299010.64435,299010.64435,-,-,-,-
62,0290,"АО СК ""Альянс""",Москва,1031064.13099,90686.42201,-,-,-,-,1031064.13099,74656.73184,66832.37044,1000,-,7824.3614,956407.39915,951626.15604,2886.04057,3502.47685,809799.66806,32568.5075,6724.62968,-,-,96038.25915,106.57423,1949.24709,747.62763,-,-,-,322.754,-,-,319.66683,559.19863,-,-,2831.99602,-,-,-,-,-,-,-,-,-
63,0621,"САО ""ВСК""",Москва,8450845.44205,140272.64151,-,-,-,-,4879836.0013,1670492.60759,350814.96607,-,-,1319677.64152,3209343.39371,3081474.01442,2852237.49364,4485.03059,-,-,25002.32613,750.15803,-,85732.99359,113266.01244,112302.00404,73000.7479,44361.46116,28639.28674,-,-,489.08425,4505.08185,201.82,33905.27004,200,-,15567.37525,-,-,-,3582699.73346,3569523.73446,-,13175.999,-,-
64,1675,"""Совкомбанк страхование"" (АО)",Санкт-Петербург,566200.57896,12274.49063,-,-,-,-,346972.18106,108216.7307,20522.82188,-,-,87693.90882,238755.45036,233459.37068,207072.36345,-,-,8122.02594,7968.30835,-,-,1977.58847,8319.08447,1281.31338,202.07412,202.07412,-,-,-,-,-,762.414,316.82526,-,-,4014.7663,-,-,-,216980.57522,216980.57522,-,-,-,-
65,0758,"ООО СМК ""АСТРА-МЕТАЛЛ""",Магнитогорск,23961.16527,-,-,-,-,-,23961.16527,23961.16527,-,-,-,23961.16527,-,-,-,-,-,-,-,-,-,-,-,-,-,-,-,-,-,-,-,-,-,-,-,-,-,-,-,-,-,-,-,-,-
66,4169,"НКО ПОВС ""СмартСтрах""",Москва,-,-,-,-,-,-,-,-,-,-,-,-,-,-,-,-,-,-,-,-,-,-,-,-,-,-,-,-,-,-,-,-,-,-,-,-,-,-,-,-,-,-,-,-,-
67,0177,"АО ""Юнити страхование""",Москва,698740.20245,3614.78405,-,-,-,-,365324.92754,2908.84042,2218.52442,-,-,690.316,362416.08712,358733.9962,341435.08749,-,-,-,92.41303,-,-,16767.73752,438.75816,3682.09092,2802.61191,1481.39555,1321.21636,-,-,-,-,152.38712,727.09189,-,-,-,-,-,-,342457.85855,342457.85855,-,-,-,-
68,2873,"АО ""СМК ""Сахамедстрах""",Якутск,3524.81558,1424.21421,-,-,-,-,3524.81558,3524.81558,-,-,-,3524.81558,-,-,-,-,-,-,-,-,-,-,-,-,-,-,-,-,-,-,-,-,-,-,-,-,-,-,-,-,-,-,-,-,-
69,2496,"ООО ""Абсолют Страхование""",Москва,640964.92477,23389.43985,-,-,-,-,553345.19361,323545.94101,19171.47334,-,-,304374.46767,229799.2526,224031.08173,113594.09507,-,-,11909.7109,2830.14008,-,-,82511.59996,13185.53572,5692.79799,2429.28716,2429.28716,-,-,-,2521.5405,-,159.10553,582.8648,-,-,75.37288,-,-,-,86893.09923,86893.09923,-,-,-,-
70,4009,"АО ""ЕРВ Туристическое Страхование""",Москва,74753.87158,-,-,-,-,-,74753.87158,38956.74472,826.785,-,-,38129.95972,35797.12686,12.45656,-,-,-,-,-,-,-,-,12.45656,707.61794,-,-,-,-,-,-,-,-,-,707.61794,-,35077.05236,-,-,-,-,-,-,-,-,-
71,3826,"ООО ""Вита-страхование""",Сургут,152581.74024,-,30254.17221,30174.07221,-,80.1,122327.56803,122327.56803,817.70697,-,-,121509.86106,-,-,-,-,-,-,-,-,-,-,-,-,-,-,-,-,-,-,-,-,-,-,-,-,-,-,-,-,-,-,-,-,-
72,1834,"ПАО ""САК ""ЭНЕРГОГАРАНТ""",Москва,1876678.87516,19253.47298,-,-,-,-,1124832.08541,433920.91408,107440.27683,-,-,326480.63725,690911.17133,662938.49379,511894.90718,-,-,-,129217.89637,-,-,11972.81988,9852.87036,27972.67754,4510.0643,4510.0643,-,-,-,1286.77502,169.61772,-,22006.2205,-,-,-,-,-,-,753652.16342,749188.27342,-,4463.89,-,-
73,3998,"ООО ""СК Чабб Жизнь""",Москва,-,-,-,-,-,-,-,-,-,-,-,-,-,-,-,-,-,-,-,-,-,-,-,-,-,-,-,-,-,-,-,-,-,-,-,-,-,-,-,-,-,-,-,-,-
74,1580,"ООО ""СОСЬЕТЕ ЖЕНЕРАЛЬ Страхование""",Москва,4118.72123,-,-,-,-,-,3738.85717,235.18497,7,-,-,228.18497,3503.6722,1542.36624,170.75394,-,-,-,-,-,-,-,1371.6123,196.07141,-,-,-,-,-,-,-,-,196.07141,-,-,1765.23455,-,-,-,-,-,-,-,-,-
75,1208,"АО ""СОГАЗ""",Москва,20999242.4922,23.3,-,-,-,-,16045949.76057,12587516.77795,1102261.81274,-,686.44,11485254.96521,3458432.98262,3238260.31387,1375630.66378,19154.09267,651524.55134,88256.27654,24591.78063,-,-,1004236.12638,74866.82253,203927.79018,5792.07273,5792.07273,-,40,2582.29897,284.19159,143020.07736,282.90796,51926.24157,-,8656.2,7588.67857,2922863.27479,2922863.27479,-,2030429.45684,1960041.13468,38189.24038,32199.08178,-,-
76,3941,"ООО ""СМП-Страхование""",Москва,138648.70413,2738.4,-,-,-,-,138648.70413,115404.34899,2240.42289,-,-,113163.9261,23244.35514,22756.58756,15665.23086,-,-,-,-,-,-,6750.07364,341.28306,-,-,-,-,-,-,-,-,-,-,-,-,487.76758,-,-,-,-,-,-,-,-,-
77,2027,"АО СК ""Двадцать первый век""",Санкт-Петербург,171844.02177,15226.17087,-,-,-,-,18871.84823,930.23928,930.23928,-,-,-,17941.60895,6520.59955,6406.50355,-,-,-,-,-,-,-,114.096,11421.0094,11421.0094,-,11421.0094,-,-,-,-,-,-,-,-,-,-,-,-,152972.17354,152972.17354,-,-,-,-
78,3767,"ООО СК ""АСКОР""",Москва,9362.13182,-,-,-,-,-,9362.13182,4346.92338,4346.92338,-,-,-,5015.20844,4309.16894,4309.16894,-,-,-,-,-,-,-,-,706.0395,-,-,-,-,-,-,-,-,706.0395,-,-,-,-,-,-,-,-,-,-,-,-
79,0191,"АО ""Тинькофф Страхование""",Москва,714104.46434,-,-,-,-,-,453830.48032,62071.68742,62071.68742,-,-,-,391758.7929,386929.88843,382410.03276,-,-,-,-,-,-,-,4519.85567,1413.76288,1141.3692,1141.3692,-,-,-,-,-,-,272.39368,-,-,3415.14159,-,-,-,260273.98402,260273.98402,-,-,-,-
80,4365,ООО СК «БКС Страхование жизни»,Москва,39830.96151,-,39830.96151,39830.96151,-,-,-,-,-,-,-,-,-,-,-,-,-,-,-,-,-,-,-,-,-,-,-,-,-,-,-,-,-,-,-,-,-,-,-,-,-,-,-,-,39104.67937
81,2031,"ООО ""МСК ""ИНКО-МЕД""",Воронеж,-,-,-,-,-,-,-,-,-,-,-,-,-,-,-,-,-,-,-,-,-,-,-,-,-,-,-,-,-,-,-,-,-,-,-,-,-,-,-,-,-,-,-,-,-
82,0397,"ООО Страховая Компания ""Гелиос""",Москва,417589.23547,-,-,-,-,-,52080.27975,19664.26226,8648.62019,-,-,11015.64207,32416.01749,30776.3565,17917.39418,-,-,19.5038,-,-,-,10010.42938,2829.02914,1546.98511,68.26329,68.26329,-,-,-,-,-,-,1546.23861,-67.51679,-,92.67588,-,-,-,365508.95572,365508.95572,-,-,-,-
83,3447,"ООО ""АльфаСтрахование-Жизнь""",Москва,16258180.4292,216312.28407,16220009.0111,16219576.38671,54215.37977,432.62439,38171.4181,38171.4181,751.11436,-,-,37420.30374,-,-,-,-,-,-,-,-,-,-,-,-,-,-,-,-,-,-,-,-,-,-,-,-,-,-,-,-,-,-,-,-,15865121.70168
84,3991,"АО СК ""Ренессанс здоровье""",Москва,225428.00767,1604.14747,92225.1284,72288.49491,-,19936.63349,133202.87927,133202.87927,80562.98485,-,-,52639.89442,-,-,-,-,-,-,-,-,-,-,-,-,-,-,-,-,-,-,-,-,-,-,-,-,-,-,-,-,-,-,-,-,52148.62668
85,4331,"ООО СК ""Сбербанк страхование""",Москва,582089.87555,-,-,-,-,-,582089.87555,223024.08957,36602.1524,-,-,186421.93717,359065.78598,338585.7927,25.1667,19.8275,-,-,-,-,-,19262.19231,319278.60619,11549.83188,-,-,-,-,-,-,-,-,11549.83188,-,-,8930.1614,-,-,-,-,-,-,-,-,-
86,3867,"ООО ""АК БАРС СТРАХОВАНИЕ""",Казань,32746.35374,-,-,-,-,-,32746.35374,12992.01688,12625.92097,-,-,366.09591,19754.33686,19659.38982,2480.7143,-,-,-,-,1503.234,-,1919.18713,13756.25439,94.94704,-,-,-,-,-,-,-,-,94.94704,-,-,-,-,-,-,-,-,-,-,-,-
87,1182,"ООО ""СК ""ТИТ""",Москва,48802.70789,-,-,-,-,-,48802.70789,22618.83617,4495.18453,-,-,18123.65164,26183.87172,25134.99507,22315.4412,-,1728.05783,-,-,-,-,716.06637,375.42967,50,-,-,-,-,-,-,-,50,-,-,-,998.87665,-,-,-,-,-,-,-,-,-
88,3987,"АО ""УРАЛСИБ Жизнь""",Москва,1167951.98447,-,1167407.34353,1164749.99457,3568.16278,2657.34896,544.64094,544.64094,543.04094,-,-,1.6,-,-,-,-,-,-,-,-,-,-,-,-,-,-,-,-,-,-,-,-,-,-,-,-,-,-,-,-,-,-,-,-,1149037.42656
89,3834,"ООО ""Страховое общество ""Помощь""",Санкт-Петербург,17031.79695,-,-,-,-,-,17031.79695,15812.81421,-,-,-,15812.81421,1218.98274,771.06848,133.058,-,-,-,604.81048,-,-,33.2,-,100.7,100.7,100.7,-,-,-,-,-,-,-,-,-,347.21426,-,-,-,-,-,-,-,-,-
90,0212,"АО ""Цюрих надежное страхование""",Москва,10920.20395,834.2829,-,-,-,-,10920.20395,-,-,-,-,-,10920.20395,8859.45968,-,-,-,-,3177.42141,-,-,5682.03827,-,1851.07427,-,-,-,-,-,-,-,402.0909,1448.98337,-,209.67,-,-,-,-,-,-,-,-,-,-
91,2682,"ООО ""СК ""ИНСАЙТ""",Красногорск,34608.42337,-,-,-,-,-,34608.42337,5564.6045,-,-,-,5564.6045,29043.81887,28593.26599,28593.26599,-,-,-,-,-,-,-,-,-,-,-,-,-,-,-,-,-,-,-,-,450.55288,-,-,-,-,-,-,-,-,-
92,3748,"АО ""Русский Стандарт Страхование""",Москва,695352.80326,-,676279.59611,676279.59611,-,-,19073.20715,19073.20715,11212.21226,-,-,7860.99489,-,-,-,-,-,-,-,-,-,-,-,-,-,-,-,-,-,-,-,-,-,-,-,-,-,-,-,-,-,-,-,-,666516.34572
93,2169,"ООО ""СК ""Инертек""",Санкт-Петербург,29.88,-,-,-,-,-,29.88,-,-,-,-,-,29.88,29.88,29.88,-,-,-,-,-,-,-,-,-,-,-,-,-,-,-,-,-,-,-,-,-,-,-,-,-,-,-,-,-,-
94,4104,"ООО ""СК КАРДИФ""",Москва,174965.85549,-,-,-,-,-,178983.98477,161763.84958,161763.84958,-,-,-,17220.13519,12853.72452,11916.39266,-,-,-,-,-,-,-,937.33186,48.68884,-,-,-,-,-,-,-,-,48.68884,-,-,4317.72183,-,-,-,-,-,-,-,-,-
95,3128,"ООО ""МСК ""АйАйСи""",Москва,567.8596,169.644,-,-,-,-,567.8596,169.644,-,-,-,169.644,398.2156,398.2156,-,-,-,-,-,-,-,-,398.2156,-,-,-,-,-,-,-,-,-,-,-,-,-,-,-,-,-,-,-,-,-,-
96,4379,"НКО ""ПОВСТО""",Екатеринбург,247.39177,-,-,-,-,-,247.39177,-,-,-,-,-,247.39177,247.39177,-,-,-,-,247.39177,-,-,-,-,-,-,-,-,-,-,-,-,-,-,-,-,-,-,-,-,-,-,-,-,-,-
97,0448,"САО ""ГЕОПОЛИС""",Москва,85829.38646,-,84980.33208,-,-,84980.33208,849.05438,849.05438,-,-,-,849.05438,-,-,-,-,-,-,-,-,-,-,-,-,-,-,-,-,-,-,-,-,-,-,-,-,-,-,-,-,-,-,-,-,-
98,0585,"ООО ""СФ ""Адонис""",Пермь,91981.78564,-,-,-,-,-,25966.53874,11970.46911,6094.1687,-,-,5876.30041,13996.06963,13996.06963,9801.96044,-,-,-,-,-,-,60.2922,4133.81699,-,-,-,-,-,-,-,-,-,-,-,-,-,-,-,-,66015.2469,65675.2469,-,340,-,-
99,2042,"ООО ""СК ""Гранта""",Казань,40405.97212,39.775,-,-,-,-,40405.97212,663.15206,502.37648,-,-,160.77558,39742.82006,39210.34406,37004.42706,-,-,100.805,-,-,-,1542.116,562.996,532.476,296.2,296.2,-,-,-,-,-,32.693,203.583,-,-,-,-,-,-,-,-,-,-,-,-
100,3799,"ООО ""БСД""",Москва,27656.43228,-,-,-,-,-,27656.43228,24839.27589,-,-,-,24839.27589,2817.15639,2817.15639,670.10088,-,-,-,2147.05551,-,-,-,-,-,-,-,-,-,-,-,-,-,-,-,-,-,-,-,-,-,-,-,-,-,-
101,3225,"ООО ""СК ИНТЕРИ""",Москва,149113.97692,-,-,-,-,-,149113.97692,-,-,-,-,-,149113.97692,147392.34592,147392.34592,-,-,-,-,-,-,-,-,1721.631,1721.631,1721.631,-,-,-,-,-,-,-,-,-,-,-,-,-,-,-,-,-,-,-
102,4117,"ООО ""Страховая компания ""Кредит Европа Лайф""",Москва,29689.02566,-,1588.63778,1588.63778,-,-,28100.38788,28100.38788,22808.49004,-,-,5291.89784,-,-,-,-,-,-,-,-,-,-,-,-,-,-,-,-,-,-,-,-,-,-,-,-,-,-,-,-,-,-,-,-,-
103,4008,"ООО ""ОСЖ РЕСО-Гарантия""",Москва,751518.89974,-,750586.41974,750586.41974,-,-,932.48,932.48,932.48,-,-,-,-,-,-,-,-,-,-,-,-,-,-,-,-,-,-,-,-,-,-,-,-,-,-,-,-,-,-,-,-,-,-,-,740223.39581
104,2733,"АО ""СК ""Резерв""",Хабаровск,1781.66083,-,-,-,-,-,1781.66083,1781.66083,1781.66083,-,-,-,-,-,-,-,-,-,-,-,-,-,-,-,-,-,-,-,-,-,-,-,-,-,-,-,-,-,-,-,-,-,-,-,-
105,3609,"ООО ""ППФ Страхование жизни""",Москва,315332.52551,-,306648.34051,267071.92392,-,39576.41659,8684.185,8684.185,8089.545,-,-,594.64,-,-,-,-,-,-,-,-,-,-,-,-,-,-,-,-,-,-,-,-,-,-,-,-,-,-,-,-,-,-,-,-,1163.67101
106,3268,"ООО СК ""Паритет-СК""",Москва,68994.36997,1291.85768,-,-,-,-,22111.96841,19220.94374,209.75,-,-,19011.19374,2891.02467,2888.92467,2334.49239,-,-,-,268.21228,-,-,29.2,257.02,-,-,-,-,-,-,-,-,-,-,-,-,2.1,-,-,-,46882.40156,46802.40156,-,80,-,-
107,3229,"АО ""Страховая бизнес группа""",Воронеж,132998.66407,229.58475,-,-,-,-,23890.5806,23630.5806,257.37,-,-,23373.2106,260,-,-,-,-,-,-,-,-,-,-,260,-,-,-,-,-,-,-,-,260,-,-,-,-,-,-,97594.9024,96891.9024,-,703,-,-
108,3889,"АО ""СГ ""ПРЕСТИЖ-ПОЛИС""",Москва,3346.56269,-,-,-,-,-,3346.56269,-,-,-,-,-,3346.56269,-,-,-,-,-,-,-,-,-,-,3346.56269,-,-,-,-,-,-,-,-,3346.56269,-,-,-,-,-,-,-,-,-,-,-,-
109,1858,"АО СК "" Армеец""",Москва,265843.67381,2021.57048,-,-,-,-,3674.45049,2646.19167,246.81711,-,-,2399.37456,1028.25882,996.83442,797.9256,-,-,-,-,-,-,2.96,195.94882,31.4244,-,-,-,-,-,-,-,-,16.737,14.6874,-,-,-,-,-,263331.59026,263331.59026,-,-,-,-
110,0507,"АО ""СК ""Колымская""",Хабаровск,131217.9836,-,129224.5115,128161.7645,-,1062.747,1993.4721,1993.4721,1967.27615,-,-,26.19595,-,-,-,-,-,-,-,-,-,-,-,-,-,-,-,-,-,-,-,-,-,-,-,-,-,-,-,-,-,-,-,-,-
111,1216,"АО СК ""Чулпан""",Альметьевск,446994.80759,-,-,-,-,-,221587.12068,101773.7283,1787.677,-,-,99986.0513,119813.39238,119797.57238,10903.09081,-,-,-,-,198.01055,-,107424.40096,1272.07006,15.82,-,-,-,-,-,-,-,-,15.82,-,-,-,-,-,-,224624.19499,224181.19499,-,443,-,-
112,0796,"АО ""Страховая группа АВАНГАРД - ГАРАНТ""",Москва,557.88151,-,-,-,-,-,557.88151,-,-,-,-,-,557.88151,557.88151,557.88151,-,-,-,-,-,-,-,-,-,-,-,-,-,-,-,-,-,-,-,-,-,-,-,-,-,-,-,-,-,-
113,1284,"АО ""Группа Ренессанс Страхование""",Москва,4858717.57649,37936.96322,-,-,-,-,3646944.59417,1196216.5125,133646.48567,-,-,1062570.02683,2450728.08167,2318926.02821,2128458.88919,-,-,578.825,141298.70043,-,-,18851.95361,29737.65998,34130.96089,27822.67333,27822.67333,-,-,-,2030.9465,-,-,4277.34106,-,-,97671.09257,-,-,-,1211772.98232,1208951.14741,-,2821.83491,-,-
114,0518,"АО СК ""БАСК""",Белово,123124.99382,-,-,-,-,-,57740.66988,56347.3361,4446.3296,-,-,51901.0065,1393.33378,1393.33378,1393.33378,-,-,-,-,-,-,-,-,-,-,-,-,-,-,-,-,-,-,-,-,-,-,-,-,65384.32394,65384.32394,-,-,-,-
115,0574,"ООО ""СК Екатеринбург""",Екатеринбург,41369.4698,9.25,-,-,-,-,41369.4698,3318.65749,142.85,-,-,3175.80749,38050.81231,38050.81231,37488.31231,-,-,-,-,-,-,-,562.5,-,-,-,-,-,-,-,-,-,-,-,-,-,-,-,-,-,-,-,-,-,-
116,3064,"АО ""Боровицкое страховое общество""",Москва,94162.77302,201.974,-,-,-,-,30312.81945,2437.48801,61.3,-,-,2376.18801,27875.33144,1923.77958,1733.37619,-,-,-,-,-,-,190.40339,-,25951.55186,-,-,-,-,-,-,-,-,-,25951.55186,-,-,-,-,-,63849.95357,63849.95357,-,-,-,-
117,3211,"АО ""ГСК ""Югория""",Ханты-Мансийск,2379632.15426,8975.38485,-,-,-,-,1105795.59836,112729.664,50413.74463,-,-,62315.91937,993065.93436,990196.90297,504826.94053,-,-,486.10011,4450.76068,270.82,-,463561.59487,16600.68678,2820.34792,-,-,-,-,-,-,-,-,713.8463,2106.50162,-,48.68347,-,-,-,1273836.5559,1273633.5559,-,203,-,-
118,4079,"ООО ""СОСЬЕТЕ ЖЕНЕРАЛЬ Страхование Жизни""",Москва,1442820.15938,-,1337307.81146,1337307.81146,371280.53439,-,16212.02903,16212.02903,16096.46403,-,-,115.565,-,-,-,-,-,-,-,-,-,-,-,-,-,-,-,-,-,-,-,-,-,-,-,-,-,-,-,-,-,-,-,-,958644.58713
119,2239,"АО ""АльфаСтрахование""",Москва,13874699.16548,35803.8351,-,-,-,-,8996672.212,3517395.78411,665698.98915,-,-,2851696.79496,5479276.42789,5152026.13918,3022844.45655,27805.04076,782344.85782,33117.21399,73258.32709,176682.06426,84181.17077,748183.40598,287790.77273,156751.29216,81315.35367,46439.7483,34875.60537,-,8791.29081,6370.11198,-,6656.37557,53618.16013,-,24398.39362,146100.60293,-,-,-,4842892.89775,4834933.31619,2671.18156,5288.4,-,-
120,4189,"ООО ""Кредендо – Ингосстрах Кредитное Страхование""",Москва,18980.56853,-,-,-,-,-,18980.56853,-,-,-,-,-,18980.56853,-,-,-,-,-,-,-,-,-,-,-,-,-,-,-,-,-,-,-,-,-,18980.56853,-,-,-,-,-,-,-,-,-,-
121,2619,"АО ""СК ""Астро-Волга""",Самара,582956.93155,-,-,-,-,-,102111.40308,17389.21714,3003.14049,-,-,14386.07665,84722.18594,84722.18594,83652.78494,-,-,-,-,-,-,118.758,950.643,-,-,-,-,-,-,-,-,-,-,-,-,-,-,-,-,480845.52847,480845.52847,-,-,-,-
122,2708,"ОАО ""ЧСК""",Москва,144964.10375,-,-,-,-,-,83674.26319,82952.93657,25525.1186,-,-,57427.81797,721.32662,272.32062,-,-,-,-,272.32062,-,-,-,-,449.006,-,-,-,-,-,-,-,-,449.006,-,-,-,58177.75256,12074.18762,46103.56494,3112.088,-,1492.088,1620,-,-
123,3978,"ООО ""ВСК-Милосердие""",Москва,31241.94423,-,-,-,-,-,31241.94423,31241.94423,-,-,-,31241.94423,-,-,-,-,-,-,-,-,-,-,-,-,-,-,-,-,-,-,-,-,-,-,-,-,-,-,-,-,-,-,-,-,-
124,4358,ООО «РСХБ-Страхование жизни»,Москва,113091.41848,-,112996.41848,112996.41848,-,-,95,95,95,-,-,-,-,-,-,-,-,-,-,-,-,-,-,-,-,-,-,-,-,-,-,-,-,-,-,-,-,-,-,-,-,-,-,-,111204.76198
125,3230,"АО ""Страховая компания ""СОГАЗ-Мед""",Москва,116935.20552,-,-,-,-,-,116935.20552,116935.20552,-,-,-,116935.20552,-,-,-,-,-,-,-,-,-,-,-,-,-,-,-,-,-,-,-,-,-,-,-,-,-,-,-,-,-,-,-,-,-
126,3825,"ООО ""СК СОГАЗ-ЖИЗНЬ""",Москва,7032470.73728,8044.67929,7026102.52216,6990055.67729,-,36046.84487,6368.21512,6368.21512,6368.21512,-,-,-,-,-,-,-,-,-,-,-,-,-,-,-,-,-,-,-,-,-,-,-,-,-,-,-,-,-,-,-,-,-,-,-,6353624.74595
127,4349,"НКО ""МОВС""",Санкт-Петербург,101.354,-,-,-,-,-,101.354,-,-,-,-,-,101.354,101.354,101.354,-,-,-,-,-,-,-,-,-,-,-,-,-,-,-,-,-,-,-,-,-,-,-,-,-,-,-,-,-,-
128,3507,"ООО ""Хоум Кредит Страхование""",Москва,40349.61216,-,-,-,-,-,40349.61216,31980.42897,31980.42897,-,-,-,8369.18319,8369.18319,-,-,-,-,-,-,-,3149.9615,5219.22169,-,-,-,-,-,-,-,-,-,-,-,-,-,-,-,-,-,-,-,-,-,-
129,0915,"АО ""СК ""ПАРИ""",Москва,247927.58177,-,-,-,-,-,197750.10422,49469.94264,14163.11611,-,-,35306.82653,148280.16158,145749.62281,59906.35615,-,-,-,54448.67754,-,-,12697.57799,18697.01113,1987.93915,263.725,263.725,-,-,-,-,-,50,1674.21415,-,-,542.59962,-,-,-,50700.49947,50699.49947,-,1,-,-
130,0206,"АО ""Страховая Компания ""СОЛИДАРНОСТЬ""",Ангарск,6663.19583,-,-,-,-,-,6663.19583,6184.541,235.95,-,-,5948.591,478.65483,478.65483,94.7,-,-,-,-,-,-,-,383.95483,-,-,-,-,-,-,-,-,-,-,-,-,-,-,-,-,-,-,-,-,-,-
131,4359,"НКО ПОВС ""Страховой дом ""Платинум""",Санкт-Петербург,5808.09807,-,-,-,-,-,5808.09807,-,-,-,-,-,5808.09807,5808.09807,5808.09807,-,-,-,-,-,-,-,-,-,-,-,-,-,-,-,-,-,-,-,-,-,-,-,-,-,-,-,-,-,-
132,1427,"АО ""МАКС""",Москва,1802415.27708,-,-,-,-,-,640034.71622,254978.27908,64900.53311,-,-,190077.74597,385056.43714,374362.43757,345945.61183,713.57119,-,-,-,20901.91462,20901.91462,138.08006,6663.25987,6980.6877,6082.15645,6082.15645,-,-,-,-,-,-,898.53125,-,-,3713.31187,16770.84692,16770.84692,-,1153066.44576,1136085.44576,-,16981,-,-
133,1412,"АО ""Д2 Страхование""",Новосибирск,2907.92476,372.351,-,-,-,-,2907.92476,2355.02596,1982.67496,-,-,372.351,552.8988,511.1128,382.95,-,-,-,-,-,-,-,128.1628,-,-,-,-,-,-,-,-,-,-,-,-,41.786,-,-,-,-,-,-,-,-,-
134,3972,"ООО ""СК ""Ренессанс Жизнь""",Москва,2633575.4802,2209.45681,2608977.71623,2608977.71623,44801.50966,-,24597.76397,24597.76397,10213.28625,0,-,14384.47772,-,-,-,-,-,-,-,-,-,-,-,-,-,-,-,-,-,-,-,-,-,-,-,-,-,-,-,-,-,-,-,-,2136360.4003
135,0630,"АО ""СК ГАЙДЕ""",Санкт-Петербург,789088.45575,-,-,-,-,-,218950.29297,45333.31039,10305.76772,-,-,35027.54267,173616.98258,171500.7095,161674.28531,-,-,-,85.67335,-,-,1161.75645,8578.99439,966.5644,935.66656,935.66656,-,-,-,-,-,-,30.89784,-,-,1149.70868,-,-,-,570138.16278,567511.16278,-,2627,-,-
136,3823,"ООО ""СК ""Ингосстрах-Жизнь""",Москва,2202417.85758,36506.88681,2037064.24265,2005830.04933,41348.03951,31234.19332,165353.61493,165353.61493,159853.85787,-,-,5499.75706,-,-,-,-,-,-,-,-,-,-,-,-,-,-,-,-,-,-,-,-,-,-,-,-,-,-,-,-,-,-,-,-,1924093.83399
137,4326,"ООО ""КПСК""",Симферополь,12013.57569,-,-,-,-,-,12013.57569,10031.26118,44,-,-,9987.26118,1982.31451,1982.31451,1648.789,-,-,-,-,-,-,22.739,310.78651,-,-,-,-,-,-,-,-,-,-,-,-,-,-,-,-,-,-,-,-,-,-
138,4209,"ООО ""Кофас Рус Страховая Компания""",Москва,10261.1931,-,-,-,-,-,10261.1931,-,-,-,-,-,10261.1931,-,-,-,-,-,-,-,-,-,-,-,-,-,-,-,-,-,-,-,-,-,10261.1931,-,-,-,-,-,-,-,-,-,-
139,0141,"САО ""Медэкспресс""",Санкт-Петербург,162065.23012,1011.67309,-,-,-,-,157144.01289,153152.51609,2575.55,-,-,150576.96609,3991.4968,3915.0968,3615.0968,-,-,-,300,-,-,-,-,76.4,-,-,-,-,-,-,-,-,76.4,-,-,-,-,-,-,4921.21723,4921.21723,-,-,-,-
140,3866,"ООО ""ВСК-Линия жизни""",Москва,3768006.24562,7567.20629,3433186.41501,3432342.79316,-,843.62185,5767.404,5767.404,5672.904,-,1852.27392,94.5,-,-,-,-,-,-,-,-,-,-,-,-,-,-,-,-,-,-,-,-,-,-,-,-,329052.42661,329052.42661,-,-,-,-,-,-,3413368.25556
141,2243,"ПАО ""АСКО-СТРАХОВАНИЕ""",Челябинск,1950791.826,-,-,-,-,-,97524.14622,4567.18317,2711.74717,-,-,1855.436,92956.96305,92555.14452,85375.70739,-,-,-,-,-,-,461.99394,6717.44319,401.81853,262.85188,262.85188,-,-,-,-,-,-,138.96665,-,-,-,-,-,-,1853267.67978,1853267.67978,-,-,-,-
142,2947,"АО СК ""РСХБ-Страхование""",Москва,1266950.74983,-,-,-,-,-,1266950.74983,361856.92198,295261.66236,-,-,66595.25962,905093.82785,904487.84437,12472.24011,-,-,-,-,703550.63888,676198.83421,167649.94344,20815.02194,563.72545,-,-,-,-,-,-,-,-,563.72545,-,-,42.25803,-,-,-,-,-,-,-,-,-
143,0013,"ООО СК ""РЕСО-Шанс""",Москва,43.9,-,-,-,-,-,-,-,-,-,-,-,-,-,-,-,-,-,-,-,-,-,-,-,-,-,-,-,-,-,-,-,-,-,-,-,-,-,-,43.9,43.9,-,-,-,-
144,2182,ООО «СК «Надежда»,Красноярск,110385.05917,-,-,-,-,-,8089.74072,2346.15959,752.34165,-,-,1593.81794,5743.58113,5380.21202,5331.00106,-,-,-,-,-,-,-,49.21096,358.502,276.702,276.702,-,-,-,-,-,-,81.8,-,-,4.86711,-,-,-,102295.31845,102295.31845,-,-,-,-
145,0436,"ООО ""АМТ Страхование""",Москва,12436.39871,12070.19871,-,-,-,-,12436.39871,2.2,2.2,-,-,-,12434.19871,12070.19871,-,-,-,12070.19871,-,-,-,-,-,364,-,-,-,-,-,364,-,-,-,-,-,-,-,-,-,-,-,-,-,-,-
Количество страховых выплат по договорам,,,,1247441,X,165402,162107,X,3295,599187,403919,41995,X,X,361924,195268,176694,135458,0,1,4,3,244,0,X,40984,1730,629,350,277,0,0,0,X,X,1044,57,X,16844,0,X,X,482852,482852,X,X,X,X
страхования с физическими лицами,,,,,,,,,,,,,,,,,,,,,,,,,,,,,,,,,,,,,,,,,,,,,,,,
Количество страховых выплат по договорам страхования ,,,,9188165,X,156200,25183,X,131017,8940071,8813631,38533,10,33,8775098,126440,88496,65163,921,42,123,18506,107,72,3600,34,6203,1179,589,577,89,138,213,215,333,1699,2337,470,31271,13599,13599,X,78295,77490,184,621,X,X
с индивидуальными предпринимателями и юридическими ,,,,,,,,,,,,,,,,,,,,,,,,,,,,,,,,,,,,,,,,,,,,,,,,
лицами,,,,,,,,,,,,,,,,,,,,,,,,,,,,,,,,,,,,,,,,,,,,,,,,
Сумма страховых выплат по договорам страхования с ,,,,103382899.95859,X,49365324.48976,49322647.55287,X,42676.93689,22242897.75768,4125182.0431,2592492.24996,X,X,1532689.79314,18117715.71458,17562331.51941,15188096.05734,0,39191.57445,1395.99577,318.38359,8284.51472,0,X,2325044.99354,349652.12474,135787.26802,95727.64475,40006.74629,0,0,0,X,X,78907.52249,134957.33423,X,205732.07043,0,X,X,31774677.71115,31774677.71115,X,X,X,X
физическими лицами,,,,,,,,,,,,,,,,,,,,,,,,,,,,,,,,,,,,,,,,,,,,,,,,
Сумма страховых выплат по договорам страхования с ,,,,63494535.475439996,X,2541307.40677,2405372.08675,X,135935.32002,51785002.71659,30825640.98281,2688876.0383,2025.19811,2538.71392,28136764.94451,20959361.73378,18581626.34894,9307411.45722,307651.12151,2339535.37252,721709.35926,825323.42769,1167700.34498,1033657.08513,3903360.01652,8935.24924,1601048.8774,375388.31303,245672.01597,129021.54641,10603.6153,41929.90148,402499.03562,170639.60203,79428.77066,468235.71622,52323.92306,472751.56789,303934.93955,3542561.1254,3496457.56046,46103.56494,5625664.226679999,5408303.56848,56240.35805,161120.30015,X,X
индивидуальными предпринимателями и юридическими ,,,,,,,,,,,,,,,,,,,,,,,,,,,,,,,,,,,,,,,,,,,,,,,,
лицами,,,,,,,,,,,,,,,,,,,,,,,,,,,,,,,,,,,,,,,,,,,,,,,,
В данные включены неидентифицированные на конец отчетного периода суммы фактически осуществленных списаний по инкассо с расчетных счетов страховщика на основании решения суда.,,,,,,,,,,,,,,,,,,,,,,,,,,,,,,,,,,,,,,,,,,,,,,,,
